{
    "gamma": [
        4.255,
        0.034
    ],
    "Delta_B": [
        1.5064629847238544,
        0.20012733596810003
    ],
    "p0": [
        6.41,
        0.85
    ],
    "statistics": {
        "chi2_red": 0.0838,
        "p_value": 1
    }
}