{
    "8 para": {
        "tau": [
            0.1,
            0.2,
            0.5,
            0.7,
            0.9,
            1.1,
            1.5,
            3,
            5,
            6,
            8
        ],
        "volt": [
            12,
            10.2,
            6,
            4.2,
            2,
            0.1,
            3.4,
            9.6,
            12.4,
            12.8,
            13.2
        ],
        "delta_tau": [
            0.01,
            0.01,
            0.01,
            0.01,
            0.01,
            0.01,
            0.01,
            0.01,
            0.01,
            0.01,
            0.01
        ],
        "delta_v": [
            0.2,
            0.2,
            0.2,
            0.2,
            0.2,
            0.2,
            0.2,
            0.2,
            0.2,
            0.2,
            0.2
        ],
        "param_lim": {
            "0": [
                10.56,
                15.839999999999998
            ],
            "1": [
                1.428268090480074,
                1.7456609994756462
            ]
        },
        "params": {
            "par0": [
                13.512063434207995,
                0.09743320615672424
            ],
            "par1": [
                1.573791722071179,
                0.016293167567471567
            ]
        },
        "statistics": {
            "chi2_red": 0.938,
            "p_value": 0.49
        }
    },
    "4 para": {
        "tau": [
            0.2,
            1,
            1.5,
            2,
            2.52,
            3,
            5,
            8,
            12,
            18,
            20
        ],
        "volt": [
            17.2,
            8.6,
            5.4,
            2.4,
            0.1,
            3,
            8.9,
            14.2,
            16.4,
            17.2,
            17.4
        ],
        "delta_tau": [
            0.1,
            0.1,
            0.1,
            0.1,
            0.02,
            0.01,
            0.01,
            0.01,
            0.01,
            0.01,
            0.01
        ],
        "delta_v": [
            0.2,
            0.2,
            0.2,
            0.2,
            0.2,
            0.2,
            0.2,
            0.2,
            0.2,
            0.2,
            0.2
        ],
        "param_lim": {
            "0": [
                13.92,
                20.88
            ],
            "1": [
                3.2720323527361694,
                3.999150653344207
            ]
        },
        "params": {
            "par0": [
                17.55022783011008,
                0.11319478806088235
            ],
            "par1": [
                3.505331140565502,
                0.03366529872635837
            ]
        },
        "statistics": {
            "chi2_red": 1.28,
            "p_value": 0.24
        }
    },
    "2 para": {
        "tau": [
            0.2,
            2,
            3,
            4.5,
            5.2,
            6.5,
            8,
            15,
            20,
            25,
            32
        ],
        "volt": [
            23.8,
            13.6,
            8.8,
            2.4,
            0,
            4.8,
            8.8,
            19.2,
            23.2,
            25.2,
            26
        ],
        "delta_tau": [
            0.01,
            0.01,
            0.01,
            0.01,
            0.01,
            0.01,
            0.01,
            0.01,
            0.01,
            0.01,
            0.01
        ],
        "delta_v": [
            0.5,
            0.5,
            0.5,
            0.5,
            0.5,
            0.5,
            0.5,
            0.5,
            0.5,
            0.5,
            0.5
        ],
        "param_lim": {
            "0": [
                20.8,
                31.2
            ],
            "1": [
                6.751812791360349,
                8.252215633884871
            ]
        },
        "params": {
            "par0": [
                26.324360905281083,
                0.24253501580520442
            ],
            "par1": [
                7.3357076312212515,
                0.08355148682926217
            ]
        },
        "statistics": {
            "chi2_red": 0.991,
            "p_value": 0.445
        }
    },
    "1 para": {
        "tau": [
            0.2,
            5,
            8,
            9,
            11,
            15,
            25,
            40,
            50,
            60,
            70
        ],
        "volt": [
            24.8,
            11.8,
            5.4,
            3.4,
            0,
            6.4,
            15.6,
            21.6,
            23.6,
            24.4,
            25.2
        ],
        "delta_tau": [
            0.01,
            0.01,
            0.01,
            0.01,
            0.01,
            0.01,
            0.01,
            0.01,
            0.01,
            0.01,
            0.01
        ],
        "delta_v": [
            0.2,
            0.2,
            0.2,
            0.2,
            0.2,
            0.2,
            0.2,
            0.2,
            0.2,
            0.2,
            0.2
        ],
        "param_lim": {
            "0": [
                20.16,
                30.24
            ],
            "1": [
                14.282680904800738,
                17.45660999475646
            ]
        },
        "params": {
            "par0": [
                25.70680824299944,
                0.0925137547823649
            ],
            "par1": [
                15.670490882562211,
                0.07669453236366586
            ]
        },
        "statistics": {
            "chi2_red": 1.56,
            "p_value": 0.12
        }
    },
    "0.5 para": {
        "tau": [
            0.2,
            5,
            12,
            16,
            22,
            30,
            35,
            50,
            80,
            100,
            140
        ],
        "volt": [
            24,
            18,
            9.8,
            6,
            0,
            5,
            7.8,
            14.4,
            20.8,
            22.8,
            24.2
        ],
        "delta_tau": [
            0.01,
            0.01,
            0.01,
            0.01,
            0.01,
            0.01,
            0.01,
            0.01,
            0.01,
            0.01,
            0.01
        ],
        "delta_v": [
            0.3,
            0.3,
            0.3,
            0.3,
            0.3,
            0.3,
            0.3,
            0.3,
            0.3,
            0.3,
            0.3
        ],
        "param_lim": {
            "0": [
                19.36,
                29.04
            ],
            "1": [
                28.565361809601477,
                34.91321998951292
            ]
        },
        "params": {
            "par0": [
                24.926384465509702,
                0.14454383290027017
            ],
            "par1": [
                32.56620005372605,
                0.23515408478012034
            ]
        },
        "statistics": {
            "chi2_red": 1.2,
            "p_value": 0.292
        }
    },
    "0.25 para": {
        "tau": [
            1,
            10,
            20,
            33,
            45,
            52,
            70,
            120,
            180,
            320,
            280
        ],
        "volt": [
            26.6,
            19.2,
            13.2,
            6.4,
            0,
            3,
            9,
            18.4,
            23.2,
            26.6,
            25.8
        ],
        "delta_tau": [
            0.1,
            1,
            1,
            1,
            1,
            1,
            1,
            1,
            1,
            1,
            1
        ],